"Oq vc faz?","Sou programador de sistemas {br} E fa√ßo faculdade de Ci√™ncias da computa√ß√£o"
"Sou programador de sistemas {br} E fa√ßo faculdade de Ci√™ncias da computa√ß√£o","S√âRIO? {br} Que legal {br} Pretendo fazer ci√™ncias da computa√ß√£o ano que vem"
"S√âRIO? {br} Que legal {br} Pretendo fazer ci√™ncias da computa√ß√£o ano que vem","Meeee {br} Que massa {br} Para quem gosta {br} √â muito massa"
"Meeee {br} Que massa {br} Para quem gosta {br} √â muito massa","√â muito dif√≠cil?"
"√â muito dif√≠cil?","Eu n√£o acho {br} Tem umas mat√©rias mais chatinhas {br} Mas √© tranquilo"
"Eu n√£o acho {br} Tem umas mat√©rias mais chatinhas {br} Mas √© tranquilo","N√£o querendo interromper, mas tem whatsapp? {br} Se quiser, √© melhor conversar por l√°"
"N√£o querendo interromper, mas tem whatsapp? {br} Se quiser, √© melhor conversar por l√°","Estava pensando a mesma coisa kkkk {br} Manda mensagem l√° {br} 84358176"
"Estava pensando a mesma coisa kkkk {br} Manda mensagem l√° {br} 84358176","Qual DDD? Uauhauj"
"Ol√° {br} Tudo certo?","Oii {br} Td e vc??"
"Oii {br} Td e vc??","Tudo √≥timo {br} Faz engenharia mec√¢nica aonde?"
"Tudo √≥timo {br} Faz engenharia mec√¢nica aonde?","Vou fazer"
"Vou fazer","Hmmmm {br} E pretende fazer aonde?"
"Hmmmm {br} E pretende fazer aonde?","Passei no IME"
"Passei no IME","Caramba {br} Que foda {br} √â no Rio n√©?"
"Caramba {br} Que foda {br} √â no Rio n√©?","Ss {br} Haha"
"Ss {br} Haha","Meus parab√©ns {br} √â concorrido demais"
"Meus parab√©ns {br} √â concorrido demais","Ss"
"Ss","J√° tem previs√£o de quando vai se mudar?"
"J√° tem previs√£o de quando vai se mudar?","Fevereiro mais ou menos"
"Fevereiro mais ou menos","Legal"
"Legal","Ahamm"
"Ahamm","Ser√° que antes sobra um tempo para comer um a√ßa√≠ e bater um papo? {br} Hahahaha"
"Ser√° que antes sobra um tempo para comer um a√ßa√≠ e bater um papo? {br} Hahahaha","Clr {br} Hahahha"
"Clr {br} Hahahha","Feshow kkkkk {br} √â daqui de Blumenau mesmo n√©?"
"Feshow kkkkk {br} √â daqui de Blumenau mesmo n√©?","Ss"
"Ss","Legal {br} Sou novo na cidade kkkkk"
"Legal {br} Sou novo na cidade kkkkk","Quanto tempo?"
"Quanto tempo?","Vim no final de outubro"
"Vim no final de outubro","Ata {br} Hahha"
"Ata {br} Hahha","Se quiser me chamar no whats {br} Fica melhor para conversarmos {br} 47 84358176"
"Oiee {br} Tudo bem? {br} Ol√°","Ooii, sim e vc?"
"Ooii, sim e vc?","Tudo √≥timo {br} √â de onde Larissa?"
"Tudo √≥timo {br} √â de onde Larissa?","Blumenau e vc?"
"Blumenau e vc?","Blumenau tamb√©m {br} Mudei a uns 6 meses"
"Blumenau tamb√©m {br} Mudei a uns 6 meses","Ahh sim, que bairro?"
"Ahh sim, que bairro?","T√¥ morando no centro {br} Atr√°s do Angeloni da Proeb"
"T√¥ morando no centro {br} Atr√°s do Angeloni da Proeb","Ah sim"
"Ah sim","E voc√™?"
"E voc√™?","Itoupavazinha"
"Itoupavazinha","Gosta de fazer oq?"
"Gosta de fazer oq?","Jogar futebol, ouvir m√∫sica, cozinhar e vc?"
"Jogar futebol, ouvir m√∫sica, cozinhar e vc?","Jogar futebol √© bom demais hahaha {br} Sair com os amigos {br} De tudo um pouco"
"Jogar futebol √© bom demais hahaha {br} Sair com os amigos {br} De tudo um pouco","Muito bom mesmo"
"Muito bom mesmo","Faz oq em Blumenau? {br} Estuda?"
"Faz oq em Blumenau? {br} Estuda?","Estudo e treino e vc?"
"Oiee","Ooi"
"Ooi","Tudo bom?"
"Tudo bom?","Tudo sim e com vc?"
"Tudo sim e com vc?","Tudo tranquilo {br} √â aqui de Blumenau mesmo?"
"Tudo tranquilo {br} √â aqui de Blumenau mesmo?","Sim sim"
"Sim sim","Legal {br} Me mudei para c√° {br} Faz uns 6 meses {br} Estou amando a cidade {br} Hahaha"
"Legal {br} Me mudei para c√° {br} Faz uns 6 meses {br} Estou amando a cidade {br} Hahaha","Huum {br} Amo morar aquui {br} Hahahah {br} Mora aonde antes?"
"Huum {br} Amo morar aquui {br} Hahahah {br} Mora aonde antes?","Morava em Rio do Sul {br} Uma cidade a uns 100km daqui"
"Morava em Rio do Sul {br} Uma cidade a uns 100km daqui","Huum {br} Sei onde √©"
"Huum {br} Sei onde √©","Vim para c√° por causa de uma proposta de emprego {br} √âs ou dividindo apartamento com um amigo {br} Estou** {br} Do lado do Angeloni da Proeb"
"Vim para c√° por causa de uma proposta de emprego {br} √âs ou dividindo apartamento com um amigo {br} Estou** {br} Do lado do Angeloni da Proeb","Huum {br} Siim {br} Entendi"
"Huum {br} Siim {br} Entendi","E vc {br} Faz oq aqui em Blumenau?"
"E vc {br} Faz oq aqui em Blumenau?","Ent√£o {br} Eu estudo {br} Kkkkk {br} J√° conhece bastante lugares aqui?"
"Ent√£o {br} Eu estudo {br} Kkkkk {br} J√° conhece bastante lugares aqui?","Legal {br} Estuda a onde?"
"Legal {br} Estuda a onde?","No Jo√£o widemann"
"No Jo√£o widemann","Hmm {br} E oq tu gosta de fazer?"
"Hmm {br} E oq tu gosta de fazer?","Fa√ßo um pouco de tudo {br} Sou bem ecl√©tica sabe {br} Gosto de ler e escutar mpb {br} Mas tbm gosto de rave {br} Kkkkkk"
"Fa√ßo um pouco de tudo {br} Sou bem ecl√©tica sabe {br} Gosto de ler e escutar mpb {br} Mas tbm gosto de rave {br} Kkkkkk","Uhumm {br} N√£o quer me passar seu n√∫mero? {br} Para conversamos pelo whats?"
"Ol√°a","Hey {br} Tudo bem ai?"
"Oi","Ol√°a"
"Ol√°a","Tudo?"
"Tudo?","Tudo certo {br} E com voc√™?"
"Oiee {br} Tudo bem?","Oii {br} Tudo sim e cntg?"
"Oi","Ol√°a"
"Ol√°a","Bem?"
"Bem?","Tudo certo {br} Um pouco cansado pq acabei de voltar da academia {br} E voc√™?"
"Tudo certo {br} Um pouco cansado pq acabei de voltar da academia {br} E voc√™?","Tudoo"
"Tudoo","Que bom {br} √â de Blumenau mesmo?"
"Que bom {br} √â de Blumenau mesmo?","Gaspar."
"Gaspar.","Hmmm {br} Pertinho"
"Hmmm {br} Pertinho","Ahaam"
"Ahaam","Oi sumida {br} Hahahaha"
"Oi sumida {br} Hahahaha","Oi djss {br} Kkkkk*"
"Oi djss {br} Kkkkk*","Tudo certo?"
"Tudo certo?","Tudo,eai?"
"Tudo,eai?","Tudo tranquilo {br} Tirando o calor √© claro {br} Hahahaha"
"Tudo tranquilo {br} Tirando o calor √© claro {br} Hahahaha","simm,t√° muito calor"
"simm,t√° muito calor","J√° voltou as tuas aulas?"
"J√° voltou as tuas aulas?","Simm {br} E voc√™?"
"Simm {br} E voc√™?","Acabei de me mudar para Blumenau {br} Minha transfer√™ncia da faculdade atrasou um pouco {br} Vou voltar na metade do ano"
"Acabei de me mudar para Blumenau {br} Minha transfer√™ncia da faculdade atrasou um pouco {br} Vou voltar na metade do ano","Ah t√°"
"Ah t√°","Vc est√° no ensino m√©dio?"
"Vc est√° no ensino m√©dio?","Sim"
"Sim","Qual ano?"
"Qual ano?","1"
"1","Legal {br} Ensino m√©dio √© muito bom {br} Tenho saudades {br} Hahaha"
"Legal {br} Ensino m√©dio √© muito bom {br} Tenho saudades {br} Hahaha","Sim, realmente √© bom"
"Sim, realmente √© bom","Me conta {br} Oq tu gosta de fazer?"
"Me conta {br} Oq tu gosta de fazer?","Gosto de matematica at√©"
"Gosto de matematica at√©","Hmmm {br} J√° tem alguma ideia sobre qual faculdade quer fazer?"
"Hmmm {br} J√° tem alguma ideia sobre qual faculdade quer fazer?","quero fazer psicologia {br} E voc√™ faz do que?"
"quero fazer psicologia {br} E voc√™ faz do que?","Fa√ßo ci√™ncias da computa√ß√£o"
"Fa√ßo ci√™ncias da computa√ß√£o","Ah t√°"
"Ah t√°","Sempre gostei {br} Sempre gostei {br} De computa√ß√£o {br} Desde moleque"
"Sempre gostei {br} Sempre gostei {br} De computa√ß√£o {br} Desde moleque","Voc√™ tem que idade?"
"Voc√™ tem que idade?","19 {br} Fa√ßo 20 em abril"
"19 {br} Fa√ßo 20 em abril","Ah t√°"
"Ah t√°","Oque vc gosta de fazer para se divertir? {br} Sai com os amigos? Netflix? {br} Haha"
"Oque vc gosta de fazer para se divertir? {br} Sai com os amigos? Netflix? {br} Haha","Adoro assisti netfilx {br} E voc√™?"
"Adoro assisti netfilx {br} E voc√™?","Tudo um pouco {br} Mas gosto de ficar em casa assistindo tbm"
"Tudo um pouco {br} Mas gosto de ficar em casa assistindo tbm","Gosta de s√©rie?"
"Gosta de s√©rie?","Amo hahaha"
"Amo hahaha","KKK"
"KKK","Oq vc acha de me passar seu n√∫mero? {br} Acho melhor falar pelo whats"
"Oq vc acha de me passar seu n√∫mero? {br} Acho melhor falar pelo whats","96598241 {br} oii"
"96598241 {br} oii","Oiee"
"Oiee","meu celular estrago nsugda"
"meu celular estrago nsugda","Hmmm {br} T√° sem whatsapp?"
"Hmmm {br} T√° sem whatsapp?","sim"
"sim","Puts {br} Que foda"
"Puts {br} Que foda","sim,tenso {br} Veio o meu celular {br} Tem como me passar o teu numero"
"Oiee","Oii"
"Oii","Tudo bom?"
"Ol√° {br} Tudo certo?","Uhum"
"Uhum","√â aqui de Blumenau mesmo?"
"√â aqui de Blumenau mesmo?","Sim"
"Sim","Pelo jeito n√£o est√° muito afim de papo n√©? {br} ü§óü§óü§ó"
"Pelo jeito n√£o est√° muito afim de papo n√©? {br} ü§óü§óü§ó","Kkkkkk {br} Respondi normal"
"Kkkkkk {br} Respondi normal","Hahahaha {br} Ent√£o me conta {br} Faz oq aqui em Blumenau? {br} Trabalha? estuda?"
"Hahahaha {br} Ent√£o me conta {br} Faz oq aqui em Blumenau? {br} Trabalha? estuda?","Estudo"
"Estudo","Aonde?"
"Aonde?","Furb"
"Furb","Faz qual faculdade?"
"Faz qual faculdade?","N fa√ßo faculdade {br} Kkkkk"
"N fa√ßo faculdade {br} Kkkkk","U√© tem ensino m√©dio na Furb? {br} Kkkkk {br} N√£o sabia"
"U√© tem ensino m√©dio na Furb? {br} Kkkkk {br} N√£o sabia","Sim"
"Sim","Legal {br} J√° est√° no terceiro ano?"
"Legal {br} J√° est√° no terceiro ano?","N√£o {br} T√¥ no 1"
"N√£o {br} T√¥ no 1","Nossa {br} Tu parece ser mais velha pelas fotos {br} Hahahaha"
"Nossa {br} Tu parece ser mais velha pelas fotos {br} Hahahaha","Kkkkk"
"Kkkkk","Mora em qual bairro?"
"Mora em qual bairro?","Ponta aguda"
"Oiee","Ola"
"Ola","Tudo bom?"
"Tudo bom?","Sim e voc√™?"
"Sim e voc√™?","Tudo √≥timo {br} √â aqui de Blumenau mesmo?"
"Tudo √≥timo {br} √â aqui de Blumenau mesmo?","Sim sim {br} Moro na Itoupava Seca {br} E voc√™?"
"Sim sim {br} Moro na Itoupava Seca {br} E voc√™?","Mudei para Blumenau a uns 6 meses {br} Estou morando perto d√° Proeb"
"Mudei para Blumenau a uns 6 meses {br} Estou morando perto d√° Proeb","Passo ali todos os dias haha"
"Passo ali todos os dias haha","Que legal {br} Faz oq? {br} Estuda?"
"Que legal {br} Faz oq? {br} Estuda?","Trabalho"
"Trabalho","Hmm {br} Trabalha com oq?"
"Hmm {br} Trabalha com oq?","Suporte t√©cnico"
"Suporte t√©cnico","Legal {br} Eu trabalho como programador"
"Legal {br} Eu trabalho como programador","Hmmm"
"Hmmm","Gosta de fazer oq?"
"Gosta de fazer oq?","Dormir"
"Dormir","Hahaha {br} Fica meio complicado te convidar {br} Para Dormir comigo {br} ü§óü§óü§ó {br} Hahaha"
"Hahaha {br} Fica meio complicado te convidar {br} Para Dormir comigo {br} ü§óü§óü§ó {br} Hahaha","Kkkkkk"
"Kkkkkk","Ol√°"
"Ol√°","Oie"
"Oie","Tudo bom?"
"Tudo bom?","Sim e voc√™?"
"Sim e voc√™?","Tudo √≥timo {br} Oq acha de me passar seu n√∫mero? {br} Acho melhor conversar pelo whats"
"Tudo √≥timo {br} Oq acha de me passar seu n√∫mero? {br} Acho melhor conversar pelo whats","Ent√£o rs {br} N√£o obrigada"
"Ol√°","Oi"
"Oi","Tudo bom?"
"Tudo bom?","Td e vc?"
"Td e vc?","Tudo tranquilo {br} Vc √© de Rio do Sul?"
"Tudo tranquilo {br} Vc √© de Rio do Sul?","Sim e Vc?"
"Sim e Vc?","Eu era {br} Mudei para Blumenau {br} Faz uns 6 meses"
"Eu era {br} Mudei para Blumenau {br} Faz uns 6 meses","Ah sim"
"Ah sim","Faz oq em Rio do Sul?"
"Ooee {br} Oiee* {br} Tudo bom?","Oii {br} Td sim e vc?"
"Oii {br} Td sim e vc?","Tudo certo {br} √â aqui de Blumenau mesmo?"
"Tudo certo {br} √â aqui de Blumenau mesmo?","N√£o {br} Mas agora moro aqui {br} E vc?"
"N√£o {br} Mas agora moro aqui {br} E vc?","Mudei para c√° faz uns 6 meses {br} Faz oq por aqui?"
"Mudei para c√° faz uns 6 meses {br} Faz oq por aqui?","Estudo {br} E vc?"
"Estudo {br} E vc?","Estudo e trabalho {br} T√° fazendo faculdade?"
"Estudo e trabalho {br} T√° fazendo faculdade?","Isso {br} Eng de materiais {br} E vc {br} ?"
"Isso {br} Eng de materiais {br} E vc {br} ?","Fa√ßo Ci√™ncias da Computa√ß√£o {br} E trabalho como programador"
"Fa√ßo Ci√™ncias da Computa√ß√£o {br} E trabalho como programador","Na furb? {br} Ah, que legal {br} T√¥ tendo programa√ß√£o na facul, n√£o esperava gostar mas √© interessante"
"Na furb? {br} Ah, que legal {br} T√¥ tendo programa√ß√£o na facul, n√£o esperava gostar mas √© interessante","Uhumm {br} Vc faz na Furb tbm?"
"Uhumm {br} Vc faz na Furb tbm?","Nope {br} UFSC"
"Nope {br} UFSC","Hmmm {br} O cara com quem divido apartamento {br} Estuda ali tamb√©m {br} E meu trabalho √© bem pr√≥ximo"
"Hmmm {br} O cara com quem divido apartamento {br} Estuda ali tamb√©m {br} E meu trabalho √© bem pr√≥ximo","Ele faz o que? Vai que eu conhe√ßo hahaahah {br} E eu moro pertinho da furb e divido com uma guria da√≠"
"Ele faz o que? Vai que eu conhe√ßo hahaahah {br} E eu moro pertinho da furb e divido com uma guria da√≠","Gabriel Dolzan {br} Faz engenharia de controle e automa√ß√£o"
"Gabriel Dolzan {br} Faz engenharia de controle e automa√ß√£o","N√£o sou boa com nomes {br} Ahshahsha pelo menos, pelo nome n√£o fa√ßo ideia"
"N√£o sou boa com nomes {br} Ahshahsha pelo menos, pelo nome n√£o fa√ßo ideia","Acho que vcs n√£o se conhecem {br} Perguntei para ele {br} E ele n√£o lembrava de nenhuma La√≠s {br} Hahaha"
"Acho que vcs n√£o se conhecem {br} Perguntei para ele {br} E ele n√£o lembrava de nenhuma La√≠s {br} Hahaha","Simmm hahahaha {br} N√£o estudo la a mt tempo tamb√©m"
"Simmm hahahaha {br} N√£o estudo la a mt tempo tamb√©m","Hmmm {br} Oq tu acha de me passar teu n√∫mero? {br} E a gente se falar pelo whats?"
"Ol√° {br} Tudo bom?","Oi, sim e voc√™?"
"Oi, sim e voc√™?","Tudo bem tamb√©m {br} √â de onde?"
"Tudo bem tamb√©m {br} √â de onde?","Brusque"
"Brusque","Hmm"
"Hmm","Rs"
"Rs","Mudei para Blumenau {br} Faz uns 6 meses"
"Mudei para Blumenau {br} Faz uns 6 meses","E era da onde?"
"E era da onde?","Rio do Sul {br} Uma cidade a uns 100km daqui"
"Rio do Sul {br} Uma cidade a uns 100km daqui","Ahh sim"
"Ahh sim","Faz oq em Brusque? {br} Estuda? Trabalha?"
"Faz oq em Brusque? {br} Estuda? Trabalha?","No momento nada, tem poucos dias eu aqui {br} Estou procurando um trabalho e vou come√ßar a ajeitar as coisas referente a faculdade"
"No momento nada, tem poucos dias eu aqui {br} Estou procurando um trabalho e vou come√ßar a ajeitar as coisas referente a faculdade","Hmmm {br} Se mudou a pouco tempo tamb√©m?"
"Hmmm {br} Se mudou a pouco tempo tamb√©m?","Sim, uma semana hoje"
"Sim, uma semana hoje","Hmmm {br} Se mudou com os pais?"
"Hmmm {br} Se mudou com os pais?","Estou com meus tios"
"Estou com meus tios","Legal {br} Estou dividindo apartamento com um amigo em Blumenau"
"Legal {br} Estou dividindo apartamento com um amigo em Blumenau","Deve ser bom demais morar com amigos"
"Deve ser bom demais morar com amigos","Simm {br} O cara com quem eu moro {br} √â meu amigo desde a 8¬∞ s√©rie"
"Simm {br} O cara com quem eu moro {br} √â meu amigo desde a 8¬∞ s√©rie","Melhor ainda"
"Melhor ainda","Morar ""sozinho"" √© bom demais {br} Poder fazer oq quiser {br} Hahaha"
"Morar ""sozinho"" √© bom demais {br} Poder fazer oq quiser {br} Hahaha","√â? Kkk quero isso pra minha vida"
"√â? Kkk quero isso pra minha vida","No come√ßo teve uns aperto {br} Mas agora √© s√≥ sucesso"
"No come√ßo teve uns aperto {br} Mas agora √© s√≥ sucesso","Isso √© normal, se n√£o tivesse aperto a gente n√£o daria valor as conquistas"
"Isso √© normal, se n√£o tivesse aperto a gente n√£o daria valor as conquistas","Verdade {br} Bem assim mesmo"
"Verdade {br} Bem assim mesmo","Pois rs"
"Pois rs","J√° conhece Blumenau?"
"J√° conhece Blumenau?","N√£o"
"N√£o","Fica o convite hahaha"
"Fica o convite hahaha","Eita haha {br} Cert√≠ssimo"
"Eita haha {br} Cert√≠ssimo","Nao quer me passar seu n√∫mero? {br} Fica melhor conversar pelo whats"
"Ol√° {br} Tudo bom?","Oi {br} Tudo sim e a√≠?"
"Oi {br} Tudo sim e a√≠?","Tudo √≥timo {br} √â de Rio do Sul?"
"Tudo √≥timo {br} √â de Rio do Sul?","Ss {br} √â voc√™ ?"
"Ss {br} √â voc√™ ?","Era {br} Mudei para Blumenau {br} Faz uns 6 meses {br} Vim para o Stamtisch {br} Hahaha"
"Era {br} Mudei para Blumenau {br} Faz uns 6 meses {br} Vim para o Stamtisch {br} Hahaha","Tu vai {br} Acho que n√£o vou"
"Tu vai {br} Acho que n√£o vou","Vou {br} Eu organizo uma barraca {br} Faz uns 4 anod"
"Vou {br} Eu organizo uma barraca {br} Faz uns 4 anod","S√©rio ? {br} Tu tem quantos anos ?"
"S√©rio ? {br} Tu tem quantos anos ?","20 {br} E vc?"
"20 {br} E vc?","15"
"15","N√£o vai mesmo no Stam?"
"N√£o vai mesmo no Stam?","Acho que vou viajar ao meio dia"
"Acho que vou viajar ao meio dia","Hmmm {br} Que pena {br} Se decidir aparecer por l√° {br} S√≥ dar um toque {br} Arrumo um chopinho {br} Hahaha"
"Hmmm {br} Que pena {br} Se decidir aparecer por l√° {br} S√≥ dar um toque {br} Arrumo um chopinho {br} Hahaha","Acho meio dif√≠cil,mas dou sim {br} Que hrs come√ßa ?"
"Acho meio dif√≠cil,mas dou sim {br} Que hrs come√ßa ?","Come√ßa √†s 9:00"
"Come√ßa √†s 9:00","D√° manh√£ ?"
"D√° manh√£ ?","Uhumm"
"Uhumm","Humm {br} Tendi"
"Humm {br} Tendi","Tenho que chegar √†s 07:30 {br} https://media1.giphy.com/media/13W5D2gxaOTWfe/giphy.gif?width=500&height=498 {br} Mandei o Gif errado {br} Kakakakaka"
"Tenho que chegar √†s 07:30 {br} https://media1.giphy.com/media/13W5D2gxaOTWfe/giphy.gif?width=500&height=498 {br} Mandei o Gif errado {br} Kakakakaka","Oxiii kakakakaakakak"
"Oxiii kakakakaakakak","Nao quer me passar seu n√∫mero? {br} Fica melhor conversar pelo whats"
"Ol√° {br} Tudo bom?","Oie {br} Td e a√≠??"
"Oie {br} Td e a√≠??","Tudo √≥timo {br} √â de onde?"
"Tudo √≥timo {br} √â de onde?","T√¥ visitando meus pais agr, em laurentino, mas moro em floripa :) e tu?"
"Ol√° {br} Tudo bom?","Oii {br} Tudo {br} E ai?"
"Oii {br} Tudo {br} E ai?","Tudo certo {br} √â de onde?"
"Tudo certo {br} √â de onde?","Ituporanga {br} E voc√™?"
"Ituporanga {br} E voc√™?","Aqui pertinho {br} Rio do Sul {br} N√£o √© a mesma cidade, mas ainda d√° pra n√≥s encontrarmos, qualquer coisa"
"Aqui pertinho {br} Rio do Sul {br} N√£o √© a mesma cidade, mas ainda d√° pra n√≥s encontrarmos, qualquer coisa","Siim sim"
"Oii {br} https://media1.giphy.com/media/13W5D2gxaOTWfe/giphy.gif?width=500&height=498 {br} Onde voc√™ t√°?","Oieeeee {br} N√£o entro muito aqui {br} Ahahha"
"Oieeeee {br} N√£o entro muito aqui {br} Ahahha","Voc√™ √© de Rio do Sul? Rs"
"Voc√™ √© de Rio do Sul? Rs","Ituporanga e vc"
"Ituporanga e vc","Sou de Rio do Sul {br} Rs {br} Seria muito legal se voc√™ morasse aqui"
"Sou de Rio do Sul {br} Rs {br} Seria muito legal se voc√™ morasse aqui","Aaah {br} √â do lado hahah"
"Aaah {br} √â do lado hahah","Ent√£o... 
Um amigo pegou meu celular √© respondeu a √∫ltima mensagem hahaha {br} O problema √© que ele esqueceu que me mudei para Blumenau {br} Hahaha"
"Ent√£o... 
Um amigo pegou meu celular √© respondeu a √∫ltima mensagem hahaha {br} O problema √© que ele esqueceu que me mudei para Blumenau {br} Hahaha","Kkkkkkk {br} Nossaaaaaaa {br} Blumenau n√£o n√© {br} üòÇüòÇ {br} Naoo posso me mudar diz pra ele {br} üòãüòÇüòÇ"
"Kkkkkkk {br} Nossaaaaaaa {br} Blumenau n√£o n√© {br} üòÇüòÇ {br} Naoo posso me mudar diz pra ele {br} üòãüòÇüòÇ","Hahaha {br} Mas pode visitar {br} üòÇüòÇüòÇ"
"Hahaha {br} Mas pode visitar {br} üòÇüòÇüòÇ","Idem pra ti {br} üòÇüòåüòå"
"Idem pra ti {br} üòÇüòåüòå","Para Rio do Sul vou de vez em quando {br} Visitar meus pais"
"Para Rio do Sul vou de vez em quando {br} Visitar meus pais","Ent√£o √≥"
"Ent√£o √≥","Hahaha {br} Oq voc√™ gosta de fazer {br} ???"
"Hahaha {br} Oq voc√™ gosta de fazer {br} ???","De tudo um poco haha {br} E voce ?:"
"De tudo um poco haha {br} E voce ?:","Tamb√©m haha {br} Principalmente sair com os amigos"
"Tamb√©m haha {br} Principalmente sair com os amigos","Heheh {br} Tbm gosto {br} S√≥ quando t√° frio fico em casa pra assitir filmeüòÇ"
"Heheh {br} Tbm gosto {br} S√≥ quando t√° frio fico em casa pra assitir filmeüòÇ","Isso √© muuuito bom tamb√©m"
"Isso √© muuuito bom tamb√©m","Com toda certezaüòèüòÇ"
"Com toda certezaüòèüòÇ","N√£o quer me passar seu n√∫mero? {br} Acho melhor conversar pelo whats"
"Ol√°","Ooi"
"Oii","Ol√°"
"Ol√°","Tudo bom ?"
"Tudo bom ?","Tudo √≥timo {br} E com voc√™?"
"Tudo √≥timo {br} E com voc√™?","T√¥ bem , que bom"
"T√¥ bem , que bom","Uhumm {br} Faz oq a√≠ em Pomerode? Estuda? Trabalha?"
"Uhumm {br} Faz oq a√≠ em Pomerode? Estuda? Trabalha?","Estudo {br} E voc√™?"
"Estudo {br} E voc√™?","Trabalho e fa√ßo faculdade {br} Aqui em Blumenau"
"Trabalho e fa√ßo faculdade {br} Aqui em Blumenau","Hmmmmmm legal"
"Hmmmmmm legal","Mudei a pouco tempo {br} Faz uns 6 meses"
"Mudei a pouco tempo {br} Faz uns 6 meses","Hmmmmmm bom tamb√©m {br} Faculdade de que {br} ?"
"Hmmmmmm bom tamb√©m {br} Faculdade de que {br} ?","Fa√ßo Ci√™ncias da Computa√ß√£o"
"Fa√ßo Ci√™ncias da Computa√ß√£o","Hmmmmm"
"Hmmmmm","E vc estuda oq?"
"E vc estuda oq?","Terceirao"
"Terceirao","Hmmm {br} Vai fazer faculdade?"
"Hmmm {br} Vai fazer faculdade?","Arquitetura"
"Arquitetura","Legal {br} J√° sabe aonde?"
"Legal {br} J√° sabe aonde?","Ainda n√£o"
"Ainda n√£o","Hmm {br} E como est√° o terceir√£o? {br} Muito corrido?"
"Ol√° {br} Tudo bom?","Ol√° {br} Tudo e ctg?"
"Ol√° {br} Tudo e ctg?","Tudo tranquilo {br} √â de Blumenau?"
"Ol√° {br} Tudo bom {br} ??","Ol√°√° {br} Tudo bem, e a√≠?"
"Ol√°√° {br} Tudo bem, e a√≠?","Tudo √≥timo {br} √â de Blumenau?"
"Tudo √≥timo {br} √â de Blumenau?","Nao"
"Nao","Hmm mas √© aqui de perto?"
"Hmm mas √© aqui de perto?","Sim, Pomerode {br} Do lado"
"Sim, Pomerode {br} Do lado","Legal {br} Mudei aqui para Blumenau faz uns 5 ou 6 meses"
"Legal {br} Mudei aqui para Blumenau faz uns 5 ou 6 meses","Aah que massa {br} Nasci aqui ja ahaha"
"Aah que massa {br} Nasci aqui ja ahaha","Isso explica o ""apaixonada pela cultura alem√£"" {br} Haha"
"Isso explica o ""apaixonada pela cultura alem√£"" {br} Haha","Com toda certeza hh {br} Ahah {br} Apaixonadissima"
"Com toda certeza hh {br} Ahah {br} Apaixonadissima","Tbm acho muito legal hahahah {br} Principalmente da Oktoberfest {br} Hahaha"
"Tbm acho muito legal hahahah {br} Principalmente da Oktoberfest {br} Hahaha","Ahaaha {br} Na Oktoberfest nao vou muito {br} Vou mais na festa pomerana, que √© daqui mesmo"
"Ahaaha {br} Na Oktoberfest nao vou muito {br} Vou mais na festa pomerana, que √© daqui mesmo","Hmmm {br} Quando √©?"
"Hmmm {br} Quando √©?","Em janeiro"
"Em janeiro","Ahh {br} J√° passou‚Äã ent√£o hahaha {br} Que pena"
"Ahh {br} J√° passou‚Äã ent√£o hahaha {br} Que pena","Ja simm hahha {br} Mas ano que vem tem mais üçªüçª"
"Ja simm hahha {br} Mas ano que vem tem mais üçªüçª","Kakaka {br} J√° estou confirmando presen√ßa"
"Kakaka {br} J√° estou confirmando presen√ßa","Isso ai {br} Fechowww"
"Isso ai {br} Fechowww","E fica o convite para vir em outubro para c√°"
"E fica o convite para vir em outubro para c√°","Pode deixar {br} Acho que vou sim"
"Pode deixar {br} Acho que vou sim","Faz oq a√≠ em Pomerode? {br} Estuda? Trabalha?"
"Faz oq a√≠ em Pomerode? {br} Estuda? Trabalha?","Eu estudo {br} Por enquanto"
"Eu estudo {br} Por enquanto","Hmmm {br} Esta no terceir√£o?"
"Hmmm {br} Esta no terceir√£o?","Nao, segundao ahah"
"Nao, segundao ahah","Hmmm {br} Fase boa hahaha"
"Hmmm {br} Fase boa hahaha","Simm haha"
"Simm haha","Pensa em fazer faculdade?"
"Pensa em fazer faculdade?","Penso {br} Sim"
"Penso {br} Sim","J√° decidiu oq quer fazer?"
"J√° decidiu oq quer fazer?","Estou entre biomedicina e ci√™ncias biol√≥gicas... {br} E voc√™?"
"Estou entre biomedicina e ci√™ncias biol√≥gicas... {br} E voc√™?","Estou cursando ci√™ncias da computa√ß√£o"
"Estou cursando ci√™ncias da computa√ß√£o","Que massa {br} Dificil?"
"Que massa {br} Dificil?","Isso facilita {br} E j√° trabalho na √°rea {br} Eu j√°** {br} Mas as mat√©rias de c√°lculo {br} üò´üò´üò´"
"Isso facilita {br} E j√° trabalho na √°rea {br} Eu j√°** {br} Mas as mat√©rias de c√°lculo {br} üò´üò´üò´","Ixxxx {br} Vi que tem bastante matem√°tica e f√≠sica n√©? {br} Eu gosto de exatas, mas acho que nao pra isso kkk"
"Ixxxx {br} Vi que tem bastante matem√°tica e f√≠sica n√©? {br} Eu gosto de exatas, mas acho que nao pra isso kkk","Sim {br} Mas grande parte √© l√≥gica {br} Fica bem tranquilo depois que pega o jeito {br} Pensa em fazer aqui na Furb?"
"Sim {br} Mas grande parte √© l√≥gica {br} Fica bem tranquilo depois que pega o jeito {br} Pensa em fazer aqui na Furb?","Aaah que bom ent√£o {br} Sim, acho que sim"
"Aaah que bom ent√£o {br} Sim, acho que sim","Legal {br} Faculdade tamb√©m √© uma fase muito boa hahaha {br} Pelo menos para mim est√° sendo a melhor"
"Legal {br} Faculdade tamb√©m √© uma fase muito boa hahaha {br} Pelo menos para mim est√° sendo a melhor","Aah sim, imagino que seja bom sim {br} Se faz algo que se gosta claro"
"Aah sim, imagino que seja bom sim {br} Se faz algo que se gosta claro","Tamb√©m tem isso {br} O fato de morar sozinho tamb√©m est√° ajudando a melhorar {br} √â bom demais {br} Haha"
"Tamb√©m tem isso {br} O fato de morar sozinho tamb√©m est√° ajudando a melhorar {br} √â bom demais {br} Haha","Voce mora sozinho?"
"Voce mora sozinho?","Uhumm {br} Divido apartamento com um amigo na vdd"
"Uhumm {br} Divido apartamento com um amigo na vdd","Meu que massa {br} Sua fam√≠lia mora a√≠ em bnu tamb√©m?"
"Meu que massa {br} Sua fam√≠lia mora a√≠ em bnu tamb√©m?","N√£o {br} S√£o de Rio do Sul"
"N√£o {br} S√£o de Rio do Sul","Ahhh entendo entendo {br} Pertinho ent√£o"
"Ahhh entendo entendo {br} Pertinho ent√£o","Uhumm {br} Vim para Blumenau por causa de uma proposta de emprego"
"Uhumm {br} Vim para Blumenau por causa de uma proposta de emprego","Aah sim {br} E por causa da faculdade tambem facilita ne"
"Aah sim {br} E por causa da faculdade tambem facilita ne","Sim sim {br} Eu fazia faculdade l√° tbm {br} Mas pedi transfer√™ncia para c√°"
"Sim sim {br} Eu fazia faculdade l√° tbm {br} Mas pedi transfer√™ncia para c√°","Aaah que massa {br} Legal"
"Aaah que massa {br} Legal","E al√©m de estudar {br} Oq vc gosta de fazer? {br} Hahaha"
"E al√©m de estudar {br} Oq vc gosta de fazer? {br} Hahaha","Gosto muito de viajar, passear, sair com amigos ahaha {br} E voce?"
"Gosto muito de viajar, passear, sair com amigos ahaha {br} E voce?","Sair com os amigos √© sempre bom {br} Viajar √© √≥timo {br} Mas ficar em casa tbm me agrada {br} Haha"
"Sair com os amigos √© sempre bom {br} Viajar √© √≥timo {br} Mas ficar em casa tbm me agrada {br} Haha","Simmmm {br} √â bom tamb√©m {br} Mas nao gosto de ficar um dia inteiro em casa {br} Mds, que t√©dio"
"Simmmm {br} √â bom tamb√©m {br} Mas nao gosto de ficar um dia inteiro em casa {br} Mds, que t√©dio","A claroo {br} N√£o tem como"
"Oiee","Oii"
"Ol√° {br} Tudo certo?","Ol√° {br} Simm {br} E a√≠?"
"Ol√° {br} Simm {br} E a√≠?","Tudo bemm {br} Tirando o calor üòÖ"
"Tudo bemm {br} Tirando o calor üòÖ","Sim poxa, sem condi√ß√µes hauh {br} De onde tu √©?"
"Sim poxa, sem condi√ß√µes hauh {br} De onde tu √©?","Sou de Blumenau {br} E voc√™?"
"Sou de Blumenau {br} E voc√™?","A√≠ em compensa√ß√£o deve estar muito mais quente que aqui hauh {br} Lages"
"A√≠ em compensa√ß√£o deve estar muito mais quente que aqui hauh {br} Lages","Me mudei a pouco tempo para c√° {br} √â bem quente mesmo {br} Em compensa√ß√£o Lages no Inverno {br} √â o oposto n√© {br} Kkkkk"
"Me mudei a pouco tempo para c√° {br} √â bem quente mesmo {br} Em compensa√ß√£o Lages no Inverno {br} √â o oposto n√© {br} Kkkkk","Prefiro mil vezes o ver√£o nossa, o inverno daqui √© terr√≠vel, √© muito, muito frio, af hauh {br} De onde tu era?"
"Prefiro mil vezes o ver√£o nossa, o inverno daqui √© terr√≠vel, √© muito, muito frio, af hauh {br} De onde tu era?","Rio do Sul {br} D√° uns 90km a√≠ de lages"
"Rio do Sul {br} D√° uns 90km a√≠ de lages","Ah, sei {br} N√£o muito longe daqui"
"Ah, sei {br} N√£o muito longe daqui","Est√° fazendo faculdade?"
"Est√° fazendo faculdade?","Simm {br} Direito {br} E vc?"
"Simm {br} Direito {br} E vc?","Tamb√©m {br} Fa√ßo ci√™ncias da computa√ß√£o"
"Tamb√©m {br} Fa√ßo ci√™ncias da computa√ß√£o","Foi p Blumenau p estudar?"
"Foi p Blumenau p estudar?","Mais ou menos {br} J√° fazia faculdade antes {br} Mas recebi uma proposta de emprego aqui de Blumenau {br} Ent√£o me mudei {br} E pedi transfer√™ncia d√° faculdade"
"Mais ou menos {br} J√° fazia faculdade antes {br} Mas recebi uma proposta de emprego aqui de Blumenau {br} Ent√£o me mudei {br} E pedi transfer√™ncia d√° faculdade","Ah sim, entendi"
"Ah sim, entendi","Est√° em qual semestre?"
"Est√° em qual semestre?","3 {br} Ainda hauh {br} E vc?"
"3 {br} Ainda hauh {br} E vc?","Estou indo para o 5 {br} Por causa d√° transfer√™ncia vou acabar atrasando algumas mat√©rias {br} Provavelmente vou levar um ou dois semestres a mais"
"Estou indo para o 5 {br} Por causa d√° transfer√™ncia vou acabar atrasando algumas mat√©rias {br} Provavelmente vou levar um ou dois semestres a mais","E n√£o tem como fazer Durante os pr√≥ximos semestres?"
"E n√£o tem como fazer Durante os pr√≥ximos semestres?","√â que al√©m de ter trancado um semestre pela metade {br} Como troquei de universidade {br} Mudou algumas mat√©rias d√° grade {br} √â uma bagun√ßa {br} Kkkkk"
"√â que al√©m de ter trancado um semestre pela metade {br} Como troquei de universidade {br} Mudou algumas mat√©rias d√° grade {br} √â uma bagun√ßa {br} Kkkkk","Ah sim, entendi, a√≠ fica complicado hauh"
"Ah sim, entendi, a√≠ fica complicado hauh","Oww {br} Oq tu acha de me passar seu n√∫mero? {br} Fica melhor conversar por l√° {br} üòÑüòÑ"
"Oiee {br} Tudo bem?","Oii {br} Tudo √≥timo"
"Oii {br} Tudo √≥timo","Mora em Blumenau mesmo?"
"Mora em Blumenau mesmo?","Sim"
"Oiee","Oiee"
