"Ol√°","Oi"
"Oi","Tudo certo?"
"Tudo certo?","TD e vc?"
"TD e vc?","Melhor agora hehe {br} √â de onde?"
"Melhor agora hehe {br} √â de onde?","V√≠tor Meireles e vc?"
"V√≠tor Meireles e vc?","Rio do Sul"
"Rio do Sul","Fa√ßo faculdade ai"
"Fa√ßo faculdade ai","Que massa"
"Que massa","Uhum"
"Uhum","Faz adm n√©?"
"Faz adm n√©?","Simm"
"Simm","Tamb√©m estudo na Unidavi {br} Fa√ßo Sistemas de Informa√ß√£o"
"Tamb√©m estudo na Unidavi {br} Fa√ßo Sistemas de Informa√ß√£o","S√©rio? {br} Que massa {br} Quase fui pra facul d sistemas"
"S√©rio? {br} Que massa {br} Quase fui pra facul d sistemas","Meeee {br} Conhece a Gi?"
"Meeee {br} Conhece a Gi?","Gi?"
"Gi?","Conhecida minha que faz adm {br} Ta em qual semestre?"
"Conhecida minha que faz adm {br} Ta em qual semestre?","Vou pro segundo {br} Kkkk"
"Vou pro segundo {br} Kkkk","Humm {br} Ela j√° t√° no quinto eu acho"
"Humm {br} Ela j√° t√° no quinto eu acho","Kkk {br} Pode ser"
"Kkk {br} Pode ser","J√° estamos de f√©rias {br} N√£o precisamos ficar falando da faculdade {br} Kkkk {br} Oq vc gosta de fazer?"
"J√° estamos de f√©rias {br} N√£o precisamos ficar falando da faculdade {br} Kkkk {br} Oq vc gosta de fazer?","Kkkkkkkkk {br} De tudoo {br} De sair {br} Dan√ßar {br} Beber {br} Ficar em casa {br} E vc?"
"Kkkkkkkkk {br} De tudoo {br} De sair {br} Dan√ßar {br} Beber {br} Ficar em casa {br} E vc?","Tamb√©m gosto de tudo hahahaha {br} Gosto mesmo √© de sair com os amigos"
"Tamb√©m gosto de tudo hahahaha {br} Gosto mesmo √© de sair com os amigos","Kkkkkk {br} Isso mesmo"
"Kkkkkk {br} Isso mesmo","Nao acha melhor conversar pelo whats? {br} Ent√£o..."
"Nao acha melhor conversar pelo whats? {br} Ent√£o...","Kkk ent√£o"
"Oiee","Ooee"
"Ooee","Tudo certo?"
"Tudo certo?","Tudoo e ai?"
"Tudoo e ai?","Tamb√©m {br} √â de onde?"
"Tamb√©m {br} √â de onde?","Indaial e voc√™?"
"Indaial e voc√™?","Rio do Sul"
"Rio do Sul","Pertinho üôä"
"Ol√° {br} Tudo bem?","Oi, tudo √≥timo e a√≠?"
"Oi, tudo √≥timo e a√≠?","Tudo tranquilo {br} √â de onde?"
"Tudo tranquilo {br} √â de onde?","ascurra e voc√™?"
"ascurra e voc√™?","Rio do Sul {br} N√£o t√° afim de conversar pelo Whats? {br} Acho melhor {br} Ent√£o..."
"Ol√°","Oi"
"Oi","Tudo certo?"
"Tudo certo?","Tudo sim, e voc√™?"
"Tudo sim, e voc√™?","Tranquilo {br} √â de onde?"
"Tranquilo {br} √â de onde?","Lages {br} E vc?"
"Lages {br} E vc?","Rio do Sul"
"Rio do Sul","Humm"
"Humm","Tem quantos anos?"
"Tem quantos anos?","16 {br} E tu?"
"16 {br} E tu?","19"
"19","Oq vc faz?"
